{
  "Units": "cm",
  "TopMarginCover": 3.0,
  "BottomMarginCover": 2.0,
  "LeftMarginCover": 1.0,
  "RightMarginCover": 1.0,
  "TopMargin": 3.0,
  "BottomMargin": 2.0,
  "LeftMargin": 1.0,
  "RightMargin": 1.0,
  "HeaderDistance": 1.5,
  "FooterDistance": 1.0,
  "FooterText": "� Copyright (c) 2020, ANSYS Inc. unauthorised use, distribution or duplication is prohibited",
  "HeaderFontSizeCover": 7,
  "HeaderTableBorderWidth": 0.25,
  "HeaderImageWidth": 2,
  "HeaderFontSize": 7,
  "FooterFontSizeCover": 9,
  "FooterFontSize": 7,
  "TitleFontSize": 14,
  "SubTitleFontSize": 12,
  "TextFontSize": 11,
  "TableFontSize": 9,
  "CaptionFontSize": 9,
  "CoverTitleFontSize": 28,
  "CoverSubTitleFontSize": 24,
  "TitleSpaceAfter": 0.2,
  "SubTitleSpaceAfter": 0.1,
  "TextSpaceAfter": 0,
  "CoverSpaceAfter": 0.5,
  "CoverSubTitleSpaceAfter": 0.3,
  "FontName": "EricssonHilda,",
  "TableBorders": 0.25,
  "TableRowHeight": 1,
  "TableColumnWidth": 4,
  "ChartWidth": 16,
  "ChartHeight": 12,
  "FontColor": "0x000000",
  "FontHeaderColor": "0x000000"
}